{"pageProps":{"posts":[{"slug":"primera","title":"Estatutos del acta constitutiva","image":"https://raw.githubusercontent.com/aspzs/contentADMSP/main/acta_constitutiva.png","preview":"","date":"2023-05-15T11:50:54.000Z","vinculo":"https://drive.google.com/file/d/1KyPtHCREDNZ62xCSfRyau7i_Hle_icfY/view"},{"slug":"segunda","title":"Reglamentos","image":"https://raw.githubusercontent.com/aspzs/contentADMSP/main/reglamento_img.png","preview":"","date":"2023-05-15T11:50:54.000Z","vinculo":"https://drive.google.com/file/d/1O0oe1QaRj1oNcl2LoUNNIYYQ_BldtUuq/view?usp=sharing"}]},"__N_SSG":true}