{"pageProps":{"post":{"date":"2023-05-15T11:50:54.000Z","slug":"primera","preview":"","title":"Estatutos del acta constitutiva","tagline":"Documento","image":"https://raw.githubusercontent.com/aspzs/contentADMSP/main/acta_constitutiva.png","content":"\n# Heading One\n\n**Lorem Ipsum** is simply dummy text of the printing and typesetting industry. Lorem Ipsum has been the industry's standard dummy text ever since the 1500s, when an unknown printer took a galley of type and scrambled it to make a type specimen book. It has survived not only five centuries, but also the leap into electronic typesetting, remaining essentially unchanged. It was popularised in the 1960s with the release of Letraset sheets containing Lorem Ipsum passages, and more recently with desktop publishing software like Aldus PageMaker including versions of Lorem Ipsum.\n\n## This is Heading Two\n\nContrary to popular belief, Lorem Ipsum is not simply random text. It has roots in a piece of classical Latin literature from 45 BC, making it over 2000 years old. Richard McClintock, a Latin professor at Hampden-Sydney College in Virginia, looked up one of the more obscure Latin words, consectetur, from a Lorem Ipsum passage, and going through the cites of the word in classical literature, discovered the undoubtable source. Lorem Ipsum comes from sections 1.10.32 and 1.10.33 of \"de Finibus Bonorum et Malorum\" (The Extremes of Good and Evil) by Cicero, written in 45 BC. This book is a treatise on the theory of ethics, very popular during the Renaissance. The first line of Lorem Ipsum, \"Lorem ipsum dolor sit amet..\", comes from a line in section 1.10.32.\n\n### This is Heading Three with `inline code`\n\nContrary to popular belief, Lorem Ipsum is not simply random text. It has roots in a piece of classical Latin literature from 45 BC, making it over 2000 years old. Richard McClintock, a Latin professor at Hampden-Sydney College in Virginia, looked up one of the more obscure Latin words, consectetur, from a Lorem Ipsum passage, and going through the cites of the word in classical literature, discovered the undoubtable source. Lorem Ipsum comes from sections 1.10.32 and 1.10.33 of \"de Finibus Bonorum et Malorum\" (The Extremes of Good and Evil) by Cicero, written in 45 BC. This book is a treatise on the theory of ethics, very popular during the Renaissance. The first line of Lorem Ipsum, \"Lorem ipsum dolor sit amet..\", comes from a line in section 1.10.32.\n\n#### This is Heading Four With Code Block\n\n```\n\n# Auto-generated based on the server's hostname.\n# Set this to the URL used to access the Firezone Web UI.\ndefault['firezone']['external_url'] = 'https://firezone.example.com'\n\n# Specify the path to your SSL cert and private key.\n# If set to nil (default), a self-signed cert will be generated for you.\ndefault['firezone']['ssl']['certificate'] = '/path/to/cert.pem'\ndefault['firezone']['ssl']['certificate_key'] = '/path/to/key.pem'\n\n```\n\n##### Heading Five Code With Max Height\n\n```\n\n# Auto-generated based on the server's hostname.\n# Set this to the URL used to access the Firezone Web UI.\ndefault['firezone']['external_url'] = 'https://firezone.example.com'\n\n# Specify the path to your SSL cert and private key.\n# If set to nil (default), a self-signed cert will be generated for you.\ndefault['firezone']['ssl']['certificate'] = '/path/to/cert.pem'\ndefault['firezone']['ssl']['certificate_key'] = '/path/to/key.pem'\n\n# Auto-generated based on the server's hostname.\n# Set this to the URL used to access the Firezone Web UI.\ndefault['firezone']['external_url'] = 'https://firezone.example.com'\n\n# Specify the path to your SSL cert and private key.\n# If set to nil (default), a self-signed cert will be generated for you.\ndefault['firezone']['ssl']['certificate'] = '/path/to/cert.pem'\ndefault['firezone']['ssl']['certificate_key'] = '/path/to/key.pem'\n\n```\n\n## BLockquote\n\n> Lorem Ipsum is simply dummy text of the printing and typesetting industry. Lorem Ipsum has been the industry's standard dummy text ever since the 1500s, when an unknown printer took a galley of type and scrambled it to make a type specimen book.\n\n## Ordered List with horizontal line\n\n1. First item\n2. Second item\n3. Third item\n4. Fourth item\n\n---\n\n## Unordered List With Horizontal line\n\n- First item\n- Second item\n- Third item\n- Fourth item\n\n---\n\n## Links\n\nMy favorite search engine is [Duck Duck Go](https://duckduckgo.com).\n\n## Images\n\n![An old rock in the desert](https://images.unsplash.com/photo-1654475677192-2d869348bb4c?ixlib=rb-1.2.1&ixid=MnwxMjA3fDB8MHxwaG90by1wYWdlfHx8fGVufDB8fHx8&auto=format&fit=crop&w=1170&q=80)\n"}},"__N_SSG":true}